[{"model": "admin.logentry", "pk": 1, "fields": {"action_time": "2026-02-22T11:54:24.349Z", "user": 1, "content_type": 7, "object_id": "2", "object_repr": "adityashankar - Tamil Heritage Package (2026-02-22)", "action_flag": 3, "change_message": ""}}, {"model": "admin.logentry", "pk": 2, "fields": {"action_time": "2026-02-22T11:54:24.349Z", "user": 1, "content_type": 7, "object_id": "1", "object_repr": "adityashankar - Tamil Heritage Package (2026-02-23)", "action_flag": 3, "change_message": ""}}, {"model": "admin.logentry", "pk": 3, "fields": {"action_time": "2026-02-22T11:54:35.795Z", "user": 1, "content_type": 8, "object_id": "1", "object_repr": "Tamil Heritage Package", "action_flag": 3, "change_message": ""}}, {"model": "admin.logentry", "pk": 4, "fields": {"action_time": "2026-02-22T11:58:10.032Z", "user": 1, "content_type": 8, "object_id": "2", "object_repr": "Madurai (3 Days 2 Nights)", "action_flag": 1, "change_message": "[{\"added\": {}}, {\"added\": {\"name\": \"circuit stop\", \"object\": \"CircuitStop object (3)\"}}, {\"added\": {\"name\": \"circuit stop\", \"object\": \"CircuitStop object (4)\"}}]"}}, {"model": "admin.logentry", "pk": 5, "fields": {"action_time": "2026-02-22T12:22:12.834Z", "user": 1, "content_type": 13, "object_id": "1", "object_repr": "Tamil Nadu Heritage", "action_flag": 1, "change_message": "[{\"added\": {}}]"}}, {"model": "admin.logentry", "pk": 6, "fields": {"action_time": "2026-02-22T12:28:03.908Z", "user": 1, "content_type": 8, "object_id": "2", "object_repr": "Tamil Nadu Heritage - Madurai (3 Days 2 Nights)", "action_flag": 2, "change_message": "[{\"changed\": {\"fields\": [\"Package\"]}}]"}}, {"model": "admin.logentry", "pk": 7, "fields": {"action_time": "2026-02-22T12:49:21.886Z", "user": 1, "content_type": 13, "object_id": "2", "object_repr": "Nilgiris Nature Retreat", "action_flag": 1, "change_message": "[{\"added\": {}}]"}}, {"model": "admin.logentry", "pk": 8, "fields": {"action_time": "2026-02-22T12:50:50.274Z", "user": 1, "content_type": 11, "object_id": "3", "object_repr": "Ooty", "action_flag": 1, "change_message": "[{\"added\": {}}]"}}, {"model": "admin.logentry", "pk": 9, "fields": {"action_time": "2026-02-22T12:51:52.633Z", "user": 1, "content_type": 11, "object_id": "4", "object_repr": "Kodaikanal", "action_flag": 1, "change_message": "[{\"added\": {}}]"}}, {"model": "admin.logentry", "pk": 10, "fields": {"action_time": "2026-02-22T12:52:12.939Z", "user": 1, "content_type": 8, "object_id": "3", "object_repr": "Nilgiris Nature Retreat - Ooty Kodaikanal", "action_flag": 1, "change_message": "[{\"added\": {}}, {\"added\": {\"name\": \"circuit stop\", \"object\": \"CircuitStop object (5)\"}}, {\"added\": {\"name\": \"circuit stop\", \"object\": \"CircuitStop object (6)\"}}]"}}, {"model": "admin.logentry", "pk": 11, "fields": {"action_time": "2026-02-22T13:33:21.780Z", "user": 1, "content_type": 13, "object_id": "3", "object_repr": "Coastal Tamil Nadu", "action_flag": 1, "change_message": "[{\"added\": {}}]"}}, {"model": "admin.logentry", "pk": 12, "fields": {"action_time": "2026-02-22T13:35:45.919Z", "user": 1, "content_type": 11, "object_id": "5", "object_repr": "Chennai", "action_flag": 1, "change_message": "[{\"added\": {}}]"}}, {"model": "admin.logentry", "pk": 13, "fields": {"action_time": "2026-02-22T13:36:27.360Z", "user": 1, "content_type": 11, "object_id": "6", "object_repr": "Mahabalipuram", "action_flag": 1, "change_message": "[{\"added\": {}}]"}}, {"model": "admin.logentry", "pk": 14, "fields": {"action_time": "2026-02-22T13:36:48.218Z", "user": 1, "content_type": 8, "object_id": "4", "object_repr": "Coastal Tamil Nadu - Chennai", "action_flag": 1, "change_message": "[{\"added\": {}}, {\"added\": {\"name\": \"circuit stop\", \"object\": \"CircuitStop object (7)\"}}, {\"added\": {\"name\": \"circuit stop\", \"object\": \"CircuitStop object (8)\"}}]"}}, {"model": "admin.logentry", "pk": 15, "fields": {"action_time": "2026-02-22T13:37:54.393Z", "user": 1, "content_type": 11, "object_id": "7", "object_repr": "Rameswaram", "action_flag": 1, "change_message": "[{\"added\": {}}]"}}, {"model": "admin.logentry", "pk": 16, "fields": {"action_time": "2026-02-22T13:38:35.662Z", "user": 1, "content_type": 11, "object_id": "7", "object_repr": "Rameswaram", "action_flag": 2, "change_message": "[{\"changed\": {\"fields\": [\"Description\"]}}]"}}, {"model": "admin.logentry", "pk": 17, "fields": {"action_time": "2026-02-22T13:39:44.501Z", "user": 1, "content_type": 8, "object_id": "5", "object_repr": "Coastal Tamil Nadu - Rameswaram Dhanushkodi", "action_flag": 1, "change_message": "[{\"added\": {}}, {\"added\": {\"name\": \"circuit stop\", \"object\": \"CircuitStop object (9)\"}}]"}}, {"model": "auth.permission", "pk": 1, "fields": {"name": "Can add log entry", "content_type": 1, "codename": "add_logentry"}}, {"model": "auth.permission", "pk": 2, "fields": {"name": "Can change log entry", "content_type": 1, "codename": "change_logentry"}}, {"model": "auth.permission", "pk": 3, "fields": {"name": "Can delete log entry", "content_type": 1, "codename": "delete_logentry"}}, {"model": "auth.permission", "pk": 4, "fields": {"name": "Can view log entry", "content_type": 1, "codename": "view_logentry"}}, {"model": "auth.permission", "pk": 5, "fields": {"name": "Can add permission", "content_type": 3, "codename": "add_permission"}}, {"model": "auth.permission", "pk": 6, "fields": {"name": "Can change permission", "content_type": 3, "codename": "change_permission"}}, {"model": "auth.permission", "pk": 7, "fields": {"name": "Can delete permission", "content_type": 3, "codename": "delete_permission"}}, {"model": "auth.permission", "pk": 8, "fields": {"name": "Can view permission", "content_type": 3, "codename": "view_permission"}}, {"model": "auth.permission", "pk": 9, "fields": {"name": "Can add group", "content_type": 2, "codename": "add_group"}}, {"model": "auth.permission", "pk": 10, "fields": {"name": "Can change group", "content_type": 2, "codename": "change_group"}}, {"model": "auth.permission", "pk": 11, "fields": {"name": "Can delete group", "content_type": 2, "codename": "delete_group"}}, {"model": "auth.permission", "pk": 12, "fields": {"name": "Can view group", "content_type": 2, "codename": "view_group"}}, {"model": "auth.permission", "pk": 13, "fields": {"name": "Can add user", "content_type": 4, "codename": "add_user"}}, {"model": "auth.permission", "pk": 14, "fields": {"name": "Can change user", "content_type": 4, "codename": "change_user"}}, {"model": "auth.permission", "pk": 15, "fields": {"name": "Can delete user", "content_type": 4, "codename": "delete_user"}}, {"model": "auth.permission", "pk": 16, "fields": {"name": "Can view user", "content_type": 4, "codename": "view_user"}}, {"model": "auth.permission", "pk": 17, "fields": {"name": "Can add content type", "content_type": 5, "codename": "add_contenttype"}}, {"model": "auth.permission", "pk": 18, "fields": {"name": "Can change content type", "content_type": 5, "codename": "change_contenttype"}}, {"model": "auth.permission", "pk": 19, "fields": {"name": "Can delete content type", "content_type": 5, "codename": "delete_contenttype"}}, {"model": "auth.permission", "pk": 20, "fields": {"name": "Can view content type", "content_type": 5, "codename": "view_contenttype"}}, {"model": "auth.permission", "pk": 21, "fields": {"name": "Can add session", "content_type": 6, "codename": "add_session"}}, {"model": "auth.permission", "pk": 22, "fields": {"name": "Can change session", "content_type": 6, "codename": "change_session"}}, {"model": "auth.permission", "pk": 23, "fields": {"name": "Can delete session", "content_type": 6, "codename": "delete_session"}}, {"model": "auth.permission", "pk": 24, "fields": {"name": "Can view session", "content_type": 6, "codename": "view_session"}}, {"model": "auth.permission", "pk": 25, "fields": {"name": "Can add circuit", "content_type": 8, "codename": "add_circuit"}}, {"model": "auth.permission", "pk": 26, "fields": {"name": "Can change circuit", "content_type": 8, "codename": "change_circuit"}}, {"model": "auth.permission", "pk": 27, "fields": {"name": "Can delete circuit", "content_type": 8, "codename": "delete_circuit"}}, {"model": "auth.permission", "pk": 28, "fields": {"name": "Can view circuit", "content_type": 8, "codename": "view_circuit"}}, {"model": "auth.permission", "pk": 29, "fields": {"name": "Can add place", "content_type": 11, "codename": "add_place"}}, {"model": "auth.permission", "pk": 30, "fields": {"name": "Can change place", "content_type": 11, "codename": "change_place"}}, {"model": "auth.permission", "pk": 31, "fields": {"name": "Can delete place", "content_type": 11, "codename": "delete_place"}}, {"model": "auth.permission", "pk": 32, "fields": {"name": "Can view place", "content_type": 11, "codename": "view_place"}}, {"model": "auth.permission", "pk": 33, "fields": {"name": "Can add booking", "content_type": 7, "codename": "add_booking"}}, {"model": "auth.permission", "pk": 34, "fields": {"name": "Can change booking", "content_type": 7, "codename": "change_booking"}}, {"model": "auth.permission", "pk": 35, "fields": {"name": "Can delete booking", "content_type": 7, "codename": "delete_booking"}}, {"model": "auth.permission", "pk": 36, "fields": {"name": "Can view booking", "content_type": 7, "codename": "view_booking"}}, {"model": "auth.permission", "pk": 37, "fields": {"name": "Can add hotel", "content_type": 10, "codename": "add_hotel"}}, {"model": "auth.permission", "pk": 38, "fields": {"name": "Can change hotel", "content_type": 10, "codename": "change_hotel"}}, {"model": "auth.permission", "pk": 39, "fields": {"name": "Can delete hotel", "content_type": 10, "codename": "delete_hotel"}}, {"model": "auth.permission", "pk": 40, "fields": {"name": "Can view hotel", "content_type": 10, "codename": "view_hotel"}}, {"model": "auth.permission", "pk": 41, "fields": {"name": "Can add circuit stop", "content_type": 9, "codename": "add_circuitstop"}}, {"model": "auth.permission", "pk": 42, "fields": {"name": "Can change circuit stop", "content_type": 9, "codename": "change_circuitstop"}}, {"model": "auth.permission", "pk": 43, "fields": {"name": "Can delete circuit stop", "content_type": 9, "codename": "delete_circuitstop"}}, {"model": "auth.permission", "pk": 44, "fields": {"name": "Can view circuit stop", "content_type": 9, "codename": "view_circuitstop"}}, {"model": "auth.permission", "pk": 45, "fields": {"name": "Can add place", "content_type": 12, "codename": "add_place"}}, {"model": "auth.permission", "pk": 46, "fields": {"name": "Can change place", "content_type": 12, "codename": "change_place"}}, {"model": "auth.permission", "pk": 47, "fields": {"name": "Can delete place", "content_type": 12, "codename": "delete_place"}}, {"model": "auth.permission", "pk": 48, "fields": {"name": "Can view place", "content_type": 12, "codename": "view_place"}}, {"model": "auth.permission", "pk": 49, "fields": {"name": "Can add package", "content_type": 13, "codename": "add_package"}}, {"model": "auth.permission", "pk": 50, "fields": {"name": "Can change package", "content_type": 13, "codename": "change_package"}}, {"model": "auth.permission", "pk": 51, "fields": {"name": "Can delete package", "content_type": 13, "codename": "delete_package"}}, {"model": "auth.permission", "pk": 52, "fields": {"name": "Can view package", "content_type": 13, "codename": "view_package"}}, {"model": "auth.permission", "pk": 53, "fields": {"name": "Can add city", "content_type": 14, "codename": "add_city"}}, {"model": "auth.permission", "pk": 54, "fields": {"name": "Can change city", "content_type": 14, "codename": "change_city"}}, {"model": "auth.permission", "pk": 55, "fields": {"name": "Can delete city", "content_type": 14, "codename": "delete_city"}}, {"model": "auth.permission", "pk": 56, "fields": {"name": "Can view city", "content_type": 14, "codename": "view_city"}}, {"model": "auth.user", "pk": 1, "fields": {"password": "pbkdf2_sha256$1200000$MqeCIwnqSEXl7mwRPu1T7C$QAaq3qVZJFB159AaVUUOakksdKzXnt/1G4cqLl0hDO8=", "last_login": "2026-02-24T10:34:41.890Z", "is_superuser": true, "username": "adityashankar", "first_name": "", "last_name": "", "email": "shankaraditya75@gmail.com", "is_staff": true, "is_active": true, "date_joined": "2026-02-22T10:21:28.222Z", "groups": [], "user_permissions": []}}, {"model": "contenttypes.contenttype", "pk": 1, "fields": {"app_label": "admin", "model": "logentry"}}, {"model": "contenttypes.contenttype", "pk": 2, "fields": {"app_label": "auth", "model": "group"}}, {"model": "contenttypes.contenttype", "pk": 3, "fields": {"app_label": "auth", "model": "permission"}}, {"model": "contenttypes.contenttype", "pk": 4, "fields": {"app_label": "auth", "model": "user"}}, {"model": "contenttypes.contenttype", "pk": 5, "fields": {"app_label": "contenttypes", "model": "contenttype"}}, {"model": "contenttypes.contenttype", "pk": 6, "fields": {"app_label": "sessions", "model": "session"}}, {"model": "contenttypes.contenttype", "pk": 7, "fields": {"app_label": "bookings", "model": "booking"}}, {"model": "contenttypes.contenttype", "pk": 8, "fields": {"app_label": "bookings", "model": "circuit"}}, {"model": "contenttypes.contenttype", "pk": 9, "fields": {"app_label": "bookings", "model": "circuitstop"}}, {"model": "contenttypes.contenttype", "pk": 10, "fields": {"app_label": "bookings", "model": "hotel"}}, {"model": "contenttypes.contenttype", "pk": 11, "fields": {"app_label": "bookings", "model": "place"}}, {"model": "contenttypes.contenttype", "pk": 12, "fields": {"app_label": "ai_chat", "model": "place"}}, {"model": "contenttypes.contenttype", "pk": 13, "fields": {"app_label": "bookings", "model": "package"}}, {"model": "contenttypes.contenttype", "pk": 14, "fields": {"app_label": "bookings", "model": "city"}}, {"model": "sessions.session", "pk": "0vuukm2yq0v3kglwtb4w96ilgrl7haeg", "fields": {"session_data": ".eJxVjMsOwiAUBf-FtSG8Hy7d9xvI5QJSNZCUdmX8d9ukC92emTlvEmBba9hGXsKcyJVwcvndIuAztwOkB7R7p9jbusyRHgo96aBTT_l1O92_gwqj7nWOGkE4Fx3j0Xq0VjkFRZbENNdeMaO1kNmgKBx8Ut4iyL1Isigv0JDPF9tbN6k:1vu7FS:UaKeQ4y_5qwxxdBsh1Pn6VoUrge3yiaW_Q525Fl3Q0Y", "expire_date": "2026-03-08T11:03:38.306Z"}}, {"model": "sessions.session", "pk": "2gylvc99c17rphx1kp6jf7mczsoavp8n", "fields": {"session_data": ".eJxVjMsOwiAUBf-FtSG8Hy7d9xvI5QJSNZCUdmX8d9ukC92emTlvEmBba9hGXsKcyJVwcvndIuAztwOkB7R7p9jbusyRHgo96aBTT_l1O92_gwqj7nWOGkE4Fx3j0Xq0VjkFRZbENNdeMaO1kNmgKBx8Ut4iyL1Isigv0JDPF9tbN6k:1vupkX:99ReVkJjOVxEJK6rFhsEawmSaN2Y85GtSxuvN4e_LTg", "expire_date": "2026-03-10T10:34:41.891Z"}}, {"model": "sessions.session", "pk": "yj3zudt7ei4pl7zhhh2rou88v1snu1d4", "fields": {"session_data": ".eJxVjMsOwiAUBf-FtSG8Hy7d9xvI5QJSNZCUdmX8d9ukC92emTlvEmBba9hGXsKcyJVwcvndIuAztwOkB7R7p9jbusyRHgo96aBTT_l1O92_gwqj7nWOGkE4Fx3j0Xq0VjkFRZbENNdeMaO1kNmgKBx8Ut4iyL1Isigv0JDPF9tbN6k:1vu6bS:rPrRhy-JdfkokwR8unEIL0tb13hqKqEVYikxb4WpYxA", "expire_date": "2026-03-08T10:22:18.740Z"}}, {"model": "bookings.city", "pk": 1, "fields": {"name": "Madurai"}}, {"model": "bookings.city", "pk": 2, "fields": {"name": "Trichy"}}, {"model": "bookings.city", "pk": 3, "fields": {"name": "Tanjore"}}, {"model": "bookings.city", "pk": 4, "fields": {"name": "Thanjavur"}}, {"model": "bookings.city", "pk": 5, "fields": {"name": "Ooty"}}, {"model": "bookings.city", "pk": 6, "fields": {"name": "Nilgiris"}}, {"model": "bookings.city", "pk": 7, "fields": {"name": "Kodaikanal"}}, {"model": "bookings.city", "pk": 8, "fields": {"name": "Chennai"}}, {"model": "bookings.city", "pk": 9, "fields": {"name": "Kanchipuram"}}, {"model": "bookings.city", "pk": 10, "fields": {"name": "Rameswaram"}}, {"model": "bookings.city", "pk": 11, "fields": {"name": "Dhanushkodi"}}, {"model": "bookings.package", "pk": 1, "fields": {"name": "Tamil Nadu Heritage", "description": "Experience Tamil Nadu's spiritual grandeur through customizable heritage circuits in Madurai, Trichy, and sacred Kanchipuram.", "thumbnail": "packages/trichy.jpg"}}, {"model": "bookings.package", "pk": 2, "fields": {"name": "Nilgiris Nature Retreat", "description": "Immerse yourself in the Nilgiris, exploring misty mountain peaks and serene lush green forests.", "thumbnail": "packages/nilgiris_KOT1uba.jpg"}}, {"model": "bookings.package", "pk": 3, "fields": {"name": "Coastal Tamil Nadu", "description": "Witness the beautiful shores of beaches and the energising sunrises", "thumbnail": "packages/coastal_1vn3E7N.jpg"}}, {"model": "bookings.package", "pk": 4, "fields": {"name": "Tamil Nadu Heritage Package", "description": "Explore the rich cultural and architectural heritage of Tamil Nadu through its ancient temples and historic cities.", "thumbnail": ""}}, {"model": "bookings.package", "pk": 5, "fields": {"name": "Nilgiris Nature Retreat Package", "description": "Escape to the misty hills and lush greenery of the Nilgiris for a peaceful and refreshing mountain getaway.", "thumbnail": ""}}, {"model": "bookings.package", "pk": 6, "fields": {"name": "Coastal Tamil Nadu package", "description": "Experience the beauty of the Bay of Bengal coastline, historic port towns, and sacred seaside temples.", "thumbnail": ""}}, {"model": "bookings.place", "pk": 1, "fields": {"name": "Madurai", "city": null, "description": "Ancient city famous for Meenakshi Temple.", "image": ""}}, {"model": "bookings.place", "pk": 2, "fields": {"name": "Trichy", "city": null, "description": "Rock fort city on the banks of Cauvery.", "image": ""}}, {"model": "bookings.place", "pk": 3, "fields": {"name": "Ooty", "city": null, "description": "Ooty (short for Udhagamandalam) is a resort town in the Western Ghats mountains, in southern India's Tamil Nadu state.", "image": ""}}, {"model": "bookings.place", "pk": 4, "fields": {"name": "Kodaikanal", "city": null, "description": "Kodaikanal is a hill town in the southern Indian state of Tamil Nadu, at 2,000 meters above sea level.", "image": ""}}, {"model": "bookings.place", "pk": 5, "fields": {"name": "Chennai", "city": null, "description": "Chennai is the capital of Tamil Nadu. It has excellent transport connectivity to rest of South India.", "image": ""}}, {"model": "bookings.place", "pk": 6, "fields": {"name": "Mahabalipuram", "city": null, "description": "Mahabalipuram is a coastal town in Tamil Nadu.", "image": ""}}, {"model": "bookings.place", "pk": 7, "fields": {"name": "Rameswaram", "city": null, "description": "Rameswaram is a coastal city in the south of Tamil Nadu. It is quite close to Sri Lanka. It is the birthplace of former president and missile man of India, late Dr APJ Abdul Kalam.", "image": ""}}, {"model": "bookings.place", "pk": 8, "fields": {"name": "Meenakshi Amman Temple", "city": 1, "description": "A historic Hindu temple located on the southern bank of the Vaigai River.", "image": ""}}, {"model": "bookings.place", "pk": 9, "fields": {"name": "Rockfort Temple", "city": 2, "description": "A historic fortification and temple complex built on an ancient rock.", "image": ""}}, {"model": "bookings.place", "pk": 10, "fields": {"name": "Brihadisvara Temple", "city": 3, "description": "A UNESCO World Heritage site and one of the largest South Indian temples.", "image": ""}}, {"model": "bookings.place", "pk": 11, "fields": {"name": "Botanical Garden", "city": 5, "description": "A vast garden featuring a diverse collection of temperate and sub-tropical plants.", "image": ""}}, {"model": "bookings.place", "pk": 12, "fields": {"name": "Coaker's Walk", "city": 7, "description": "A scenic pedestrian path offering breathtaking views of the valley.", "image": ""}}, {"model": "bookings.place", "pk": 13, "fields": {"name": "Marina Beach", "city": 8, "description": "One of the longest urban beaches in the world.", "image": ""}}, {"model": "bookings.place", "pk": 14, "fields": {"name": "Ramanathaswamy Temple", "city": 10, "description": "A sacred Hindu temple dedicated to Lord Shiva, located on Rameswaram island.", "image": ""}}, {"model": "bookings.circuit", "pk": 2, "fields": {"package": 1, "name": "Madurai (3 Days 2 Nights)", "description": "Experience ancient temples, historic palaces, and vibrant culture in Madurai with this enriching three-day circuit.", "base_price": "5000.00", "thumbnail": ""}}, {"model": "bookings.circuit", "pk": 3, "fields": {"package": 2, "name": "Ooty Kodaikanal", "description": "An amazing travel experience through the lush green hills of Nilgiris.", "base_price": "5000.00", "thumbnail": ""}}, {"model": "bookings.circuit", "pk": 4, "fields": {"package": 3, "name": "Chennai", "description": "From the beautiful beaches of Mahabalipuram to the popular Marina beach", "base_price": "5000.00", "thumbnail": ""}}, {"model": "bookings.circuit", "pk": 5, "fields": {"package": 3, "name": "Rameswaram Dhanushkodi", "description": "Witness the beauty of the confluence of Bay of Bengal and Indian Ocean", "base_price": "5000.00", "thumbnail": ""}}, {"model": "bookings.circuit", "pk": 6, "fields": {"package": 4, "name": "Temple Trail of the South", "description": "A journey through the grandest temples of Madurai and Tanjore.", "base_price": "15000.00", "thumbnail": ""}}, {"model": "bookings.circuit", "pk": 7, "fields": {"package": 5, "name": "Mist and Mountains", "description": "Relax in the serene hills of Ooty and Kodaikanal.", "base_price": "12000.00", "thumbnail": ""}}, {"model": "bookings.circuit", "pk": 8, "fields": {"package": 6, "name": "Azure Coastline Journey", "description": "Explore the sandy shores and spiritual sites along the coast.", "base_price": "10000.00", "thumbnail": ""}}, {"model": "bookings.circuitstop", "pk": 3, "fields": {"circuit": 2, "place": 1, "order": 1}}, {"model": "bookings.circuitstop", "pk": 4, "fields": {"circuit": 2, "place": 2, "order": 2}}, {"model": "bookings.circuitstop", "pk": 5, "fields": {"circuit": 3, "place": 4, "order": 2}}, {"model": "bookings.circuitstop", "pk": 6, "fields": {"circuit": 3, "place": 3, "order": 1}}, {"model": "bookings.circuitstop", "pk": 7, "fields": {"circuit": 4, "place": 5, "order": 1}}, {"model": "bookings.circuitstop", "pk": 8, "fields": {"circuit": 4, "place": 6, "order": 2}}, {"model": "bookings.circuitstop", "pk": 9, "fields": {"circuit": 5, "place": 7, "order": 1}}, {"model": "bookings.circuitstop", "pk": 10, "fields": {"circuit": 6, "place": 8, "order": 1}}, {"model": "bookings.circuitstop", "pk": 11, "fields": {"circuit": 6, "place": 10, "order": 2}}, {"model": "bookings.circuitstop", "pk": 12, "fields": {"circuit": 7, "place": 11, "order": 1}}, {"model": "bookings.circuitstop", "pk": 13, "fields": {"circuit": 7, "place": 12, "order": 2}}, {"model": "bookings.circuitstop", "pk": 14, "fields": {"circuit": 8, "place": 13, "order": 1}}, {"model": "bookings.circuitstop", "pk": 15, "fields": {"circuit": 8, "place": 14, "order": 2}}, {"model": "bookings.booking", "pk": 3, "fields": {"user": 1, "circuit": 2, "hotel_tier": "BUD", "transport_choice": "CAB", "start_date": "2026-02-24", "duration_days": 3, "is_confirmed": false, "created_at": "2026-02-22T12:28:46.278Z"}}, {"model": "bookings.booking", "pk": 4, "fields": {"user": 1, "circuit": 5, "hotel_tier": "STD", "transport_choice": "TRN", "start_date": "2026-02-25", "duration_days": 3, "is_confirmed": false, "created_at": "2026-02-22T13:40:27.534Z"}}]
